element,fixture,opponent_team,total_points,was_home,kickoff_time,team_h_score,team_a_score,round,minutes,goals_scored,assists,clean_sheets,goals_conceded,penalties_saved,penalties_missed,yellow_cards,red_cards,saves,own_goals,attacking_bonus,defending_bonus,winning_goals,crosses,key_passes,big_chances_created,clearances_blocks_interceptions,recoveries,value,transfers_balance,selected,transfers_in,transfers_out
1,6,10,6,False,2022-04-03T15:30:00Z,0,1,1,90,0,0,1,0,0,0,0,0,1,0,0,0,0,0,0,0,6,5,60,0,4920,0,0
2,6,10,0,False,2022-04-03T15:30:00Z,0,1,1,0,0,0,0,0,0,0,0,0,0,0,0,0,0,0,0,0,0,0,45,0,1073,0,0
3,6,10,0,False,2022-04-03T15:30:00Z,0,1,1,0,0,0,0,0,0,0,0,0,0,0,0,0,0,0,0,0,0,0,60,0,567,0,0
4,6,10,0,False,2022-04-03T15:30:00Z,0,1,1,0,0,0,0,0,0,0,0,0,0,0,0,0,0,0,0,0,0,0,60,0,13,0,0
5,6,10,7,False,2022-04-03T15:30:00Z,0,1,1,90,0,0,1,0,0,0,1,0,0,0,0,2,0,0,0,0,19,7,55,0,2637,0,0
6,6,10,11,False,2022-04-03T15:30:00Z,0,1,1,90,0,1,1,0,0,0,0,0,0,0,1,1,0,2,3,1,14,11,65,0,3309,0,0
7,6,10,0,False,2022-04-03T15:30:00Z,0,1,1,0,0,0,0,0,0,0,0,0,0,0,0,0,0,0,0,0,0,0,60,0,1057,0,0
8,6,10,7,False,2022-04-03T15:30:00Z,0,1,1,90,0,0,1,0,0,0,0,0,0,0,0,1,0,0,0,0,14,9,65,0,1990,0,0
9,6,10,1,False,2022-04-03T15:30:00Z,0,1,1,1,0,0,0,0,0,0,0,0,0,0,0,0,0,0,0,0,1,0,65,0,155,0,0
10,6,10,0,False,2022-04-03T15:30:00Z,0,1,1,0,0,0,0,0,0,0,0,0,0,0,0,0,0,0,0,0,0,0,45,0,25,0,0
11,6,10,1,False,2022-04-03T15:30:00Z,0,1,1,59,0,0,0,0,0,0,0,0,0,0,0,0,0,1,1,0,0,0,85,0,1946,0,0
12,6,10,4,False,2022-04-03T15:30:00Z,0,1,1,90,0,0,1,0,0,0,0,0,0,0,0,1,0,0,1,1,14,9,120,0,3088,0,0
13,6,10,0,False,2022-04-03T15:30:00Z,0,1,1,0,0,0,0,0,0,0,0,0,0,0,0,0,0,0,0,0,0,0,75,0,1045,0,0
14,6,10,0,False,2022-04-03T15:30:00Z,0,1,1,0,0,0,0,0,0,0,0,0,0,0,0,0,0,0,0,0,0,0,50,0,461,0,0
15,6,10,3,False,2022-04-03T15:30:00Z,0,1,1,74,0,0,1,0,0,0,1,0,0,0,0,1,0,2,1,0,11,7,55,0,1146,0,0
16,6,10,5,False,2022-04-03T15:30:00Z,0,1,1,88,0,0,1,0,0,0,0,0,0,0,2,0,0,2,4,0,3,1,70,0,2342,0,0
17,6,10,1,False,2022-04-03T15:30:00Z,0,1,1,30,0,0,0,0,0,0,0,0,0,0,0,0,0,0,0,0,4,4,60,0,3690,0,0
18,6,10,0,False,2022-04-03T15:30:00Z,0,1,1,0,0,0,0,0,0,0,0,0,0,0,0,0,0,0,0,0,0,0,50,0,28,0,0
19,6,10,0,False,2022-04-03T15:30:00Z,0,1,1,0,0,0,0,0,0,0,0,0,0,0,0,0,0,0,0,0,0,0,45,0,17,0,0
20,6,10,0,False,2022-04-03T15:30:00Z,0,1,1,0,0,0,0,0,0,0,0,0,0,0,0,0,0,0,0,0,0,0,45,0,22,0,0
21,6,10,4,False,2022-04-03T15:30:00Z,0,1,1,90,0,0,1,0,0,0,0,0,0,0,0,1,0,1,1,0,9,6,100,0,15499,0,0
22,6,10,0,False,2022-04-03T15:30:00Z,0,1,1,0,0,0,0,0,0,0,0,0,0,0,0,0,0,0,0,0,0,0,45,0,13,0,0
23,6,10,0,False,2022-04-03T15:30:00Z,0,1,1,0,0,0,0,0,0,0,0,0,0,0,0,0,0,0,0,0,0,0,45,0,8,0,0
24,6,10,0,False,2022-04-03T15:30:00Z,0,1,1,0,0,0,0,0,0,0,0,0,0,0,0,0,0,0,0,0,0,0,75,0,225,0,0
25,6,10,0,False,2022-04-03T15:30:00Z,0,1,1,15,0,0,0,0,0,0,1,0,0,0,0,0,0,0,0,0,0,0,80,0,1121,0,0
26,6,10,0,False,2022-04-03T15:30:00Z,0,1,1,0,0,0,0,0,0,0,0,0,0,0,0,0,0,0,0,0,0,0,65,0,694,0,0
27,6,10,0,False,2022-04-03T15:30:00Z,0,1,1,0,0,0,0,0,0,0,0,0,0,0,0,0,0,0,0,0,0,0,50,0,68,0,0
28,5,3,1,False,2022-04-03T13:00:00Z,2,1,1,90,0,0,0,2,0,0,0,0,2,0,0,0,0,0,0,0,7,7,40,0,1094,0,0
29,5,3,0,False,2022-04-03T13:00:00Z,2,1,1,0,0,0,0,0,0,0,0,0,0,0,0,0,0,0,0,0,0,0,40,0,118,0,0
30,5,3,0,False,2022-04-03T13:00:00Z,2,1,1,0,0,0,0,0,0,0,0,0,0,0,0,0,0,0,0,0,0,0,40,0,89,0,0
31,5,3,1,False,2022-04-03T13:00:00Z,2,1,1,45,0,0,0,0,0,0,0,0,0,0,0,0,0,0,0,0,2,1,45,0,255,0,0
32,5,3,2,False,2022-04-03T13:00:00Z,2,1,1,86,0,0,0,2,0,0,0,0,0,0,0,1,0,0,1,0,10,2,45,0,130,0,0
33,5,3,2,False,2022-04-03T13:00:00Z,2,1,1,90,0,0,0,2,0,0,0,0,0,0,0,1,0,0,0,0,9,4,45,0,35,0,0
34,5,3,1,False,2022-04-03T13:00:00Z,2,1,1,90,0,0,0,2,0,0,0,0,0,0,0,0,0,0,0,0,6,3,50,0,61,0,0
35,5,3,2,False,2022-04-03T13:00:00Z,2,1,1,90,0,0,0,2,0,0,0,0,0,0,0,1,0,0,1,0,9,4,50,0,103,0,0
36,5,3,0,False,2022-04-03T13:00:00Z,2,1,1,0,0,0,0,0,0,0,0,0,0,0,0,0,0,0,0,0,0,0,45,0,501,0,0
37,5,3,0,False,2022-04-03T13:00:00Z,2,1,1,0,0,0,0,0,0,0,0,0,0,0,0,0,0,0,0,0,0,0,40,0,110,0,0
38,5,3,0,False,2022-04-03T13:00:00Z,2,1,1,45,0,0,0,2,0,0,0,0,0,0,0,0,0,0,0,0,3,3,45,0,35,0,0
39,5,3,1,False,2022-04-03T13:00:00Z,2,1,1,17,0,0,0,1,0,0,0,0,0,0,0,0,0,0,0,0,0,0,50,0,48,0,0
40,5,3,3,False,2022-04-03T13:00:00Z,2,1,1,90,0,0,0,2,0,0,0,0,0,0,1,0,0,0,2,0,3,2,55,0,990,0,0
41,5,3,3,False,2022-04-03T13:00:00Z,2,1,1,86,0,0,0,2,0,0,0,0,0,0,0,1,0,1,1,0,9,2,45,0,56,0,0
42,5,3,2,False,2022-04-03T13:00:00Z,2,1,1,72,0,0,0,1,0,0,0,0,0,0,0,0,0,0,0,0,5,5,55,0,66,0,0
43,5,3,7,False,2022-04-03T13:00:00Z,2,1,1,90,0,1,0,2,0,0,0,0,0,0,1,1,0,3,3,1,8,6,50,0,24,0,0
44,5,3,1,False,2022-04-03T13:00:00Z,2,1,1,3,0,0,0,0,0,0,0,0,0,0,0,0,0,0,0,0,0,0,45,0,52,0,0
45,5,3,0,False,2022-04-03T13:00:00Z,2,1,1,0,0,0,0,0,0,0,0,0,0,0,0,0,0,0,0,0,0,0,45,0,33,0,0
46,5,3,1,False,2022-04-03T13:00:00Z,2,1,1,3,0,0,0,0,0,0,0,0,0,0,0,0,0,0,0,0,1,1,45,0,183,0,0
47,5,3,0,False,2022-04-03T13:00:00Z,2,1,1,0,0,0,0,0,0,0,0,0,0,0,0,0,0,0,0,0,0,0,45,0,184,0,0
48,5,3,0,False,2022-04-03T13:00:00Z,2,1,1,0,0,0,0,0,0,0,0,0,0,0,0,0,0,0,0,0,0,0,70,0,20,0,0
49,5,3,7,False,2022-04-03T13:00:00Z,2,1,1,90,1,0,0,2,0,0,0,0,0,0,0,0,0,0,0,0,6,4,65,0,868,0,0
50,5,3,0,False,2022-04-03T13:00:00Z,2,1,1,0,0,0,0,0,0,0,0,0,0,0,0,0,0,0,0,0,0,0,45,0,1634,0,0
51,5,3,0,False,2022-04-03T13:00:00Z,2,1,1,0,0,0,0,0,0,0,0,0,0,0,0,0,0,0,0,0,0,0,45,0,2091,0,0
52,3,4,0,False,2022-04-03T13:00:00Z,2,1,1,0,0,0,0,0,0,0,0,0,0,0,0,0,0,0,0,0,0,0,40,0,472,0,0
53,3,4,2,False,2022-04-03T13:00:00Z,2,1,1,90,0,0,0,2,0,0,0,0,3,0,0,0,0,0,0,0,15,12,45,0,717,0,0
54,3,4,0,False,2022-04-03T13:00:00Z,2,1,1,0,0,0,0,0,0,0,0,0,0,0,0,0,0,0,0,0,0,0,40,0,107,0,0
55,3,4,1,False,2022-04-03T13:00:00Z,2,1,1,15,0,0,0,0,0,0,0,0,0,0,0,0,0,0,0,0,3,3,40,0,611,0,0
56,3,4,2,False,2022-04-03T13:00:00Z,2,1,1,90,0,0,0,2,0,0,0,0,0,0,0,1,0,0,0,0,10,6,40,0,379,0,0
57,3,4,0,False,2022-04-03T13:00:00Z,2,1,1,0,0,0,0,0,0,0,0,0,0,0,0,0,0,0,0,0,0,0,45,0,75,0,0
58,3,4,0,False,2022-04-03T13:00:00Z,2,1,1,0,0,0,0,0,0,0,0,0,0,0,0,0,0,0,0,0,0,0,50,0,204,0,0
59,3,4,1,False,2022-04-03T13:00:00Z,2,1,1,90,0,0,0,2,0,0,1,0,0,0,0,1,0,0,0,0,12,3,45,0,109,0,0
60,3,4,0,False,2022-04-03T13:00:00Z,2,1,1,0,0,0,0,0,0,0,0,0,0,0,0,0,0,0,0,0,0,0,40,0,77,0,0
61,3,4,1,False,2022-04-03T13:00:00Z,2,1,1,23,0,0,0,0,0,0,0,0,0,0,0,0,0,0,1,0,2,1,45,0,77,0,0
62,3,4,3,False,2022-04-03T13:00:00Z,2,1,1,83,0,0,0,2,0,0,0,0,0,0,0,1,0,1,1,0,9,4,45,0,71,0,0
63,3,4,2,False,2022-04-03T13:00:00Z,2,1,1,90,0,0,0,2,0,0,0,0,0,0,0,0,0,1,1,0,5,3,55,0,304,0,0
64,3,4,3,False,2022-04-03T13:00:00Z,2,1,1,66,0,0,0,2,0,0,0,0,0,0,0,1,0,0,0,0,9,4,50,0,23,0,0
65,3,4,0,False,2022-04-03T13:00:00Z,2,1,1,0,0,0,0,0,0,0,0,0,0,0,0,0,0,0,0,0,0,0,50,0,35,0,0
66,3,4,3,False,2022-04-03T13:00:00Z,2,1,1,74,0,0,0,2,0,0,0,0,0,0,0,1,0,0,0,0,12,8,50,0,84,0,0
67,3,4,0,False,2022-04-03T13:00:00Z,2,1,1,0,0,0,0,0,0,0,0,0,0,0,0,0,0,0,0,0,0,0,50,0,212,0,0
68,3,4,8,False,2022-04-03T13:00:00Z,2,1,1,90,1,0,0,2,0,0,0,0,0,0,1,0,0,0,2,0,7,5,50,0,22,0,0
69,3,4,0,False,2022-04-03T13:00:00Z,2,1,1,0,0,0,0,0,0,0,0,0,0,0,0,0,0,0,0,0,0,0,45,0,37,0,0
70,3,4,0,False,2022-04-03T13:00:00Z,2,1,1,0,0,0,0,0,0,0,0,0,0,0,0,0,0,0,0,0,0,0,45,0,387,0,0
71,3,4,0,False,2022-04-03T13:00:00Z,2,1,1,0,0,0,0,0,0,0,0,0,0,0,0,0,0,0,0,0,0,0,45,0,118,0,0
72,3,4,1,False,2022-04-03T13:00:00Z,2,1,1,15,0,0,0,0,0,0,0,0,0,0,0,0,0,0,0,0,1,1,50,0,151,0,0
73,3,4,2,False,2022-04-03T13:00:00Z,2,1,1,90,0,0,0,2,0,0,0,0,0,0,0,0,0,0,0,0,2,2,65,0,3917,0,0
74,3,4,2,False,2022-04-03T13:00:00Z,2,1,1,90,0,0,0,2,0,0,0,0,0,0,0,1,0,0,0,0,12,3,45,0,810,0,0
75,3,4,1,False,2022-04-03T13:00:00Z,2,1,1,74,0,0,0,2,0,0,1,0,0,0,1,0,0,2,3,0,6,4,45,0,55,0,0
76,3,4,1,False,2022-04-03T13:00:00Z,2,1,1,6,0,0,0,0,0,0,0,0,0,0,0,0,0,0,0,0,1,1,45,0,54,0,0
77,2,2,0,False,2022-04-02T13:00:00Z,2,1,1,0,0,0,0,0,0,0,0,0,0,0,0,0,0,0,0,0,0,0,45,0,146,0,0
78,2,2,0,False,2022-04-02T13:00:00Z,2,1,1,0,0,0,0,0,0,0,0,0,0,0,0,0,0,0,0,0,0,0,40,0,352,0,0
79,2,2,2,False,2022-04-02T13:00:00Z,2,1,1,90,0,0,0,2,0,0,0,0,3,0,0,0,0,0,0,0,12,10,45,0,289,0,0
80,2,2,0,False,2022-04-02T13:00:00Z,2,1,1,0,0,0,0,0,0,0,0,0,0,0,0,0,0,0,0,0,0,0,40,0,289,0,0
81,2,2,1,False,2022-04-02T13:00:00Z,2,1,1,90,0,0,0,2,0,0,1,0,0,0,0,1,0,0,0,0,10,6,40,0,1836,0,0
82,2,2,0,False,2022-04-02T13:00:00Z,2,1,1,0,0,0,0,0,0,0,0,0,0,0,0,0,0,0,0,0,0,0,40,0,2380,0,0
83,2,2,2,False,2022-04-02T13:00:00Z,2,1,1,90,0,0,0,2,0,0,0,0,0,0,1,0,0,2,2,0,7,2,45,0,124,0,0
84,2,2,0,False,2022-04-02T13:00:00Z,2,1,1,0,0,0,0,0,0,0,0,0,0,0,0,0,0,0,0,0,0,0,40,0,81,0,0
85,2,2,2,False,2022-04-02T13:00:00Z,2,1,1,90,0,0,0,2,0,0,1,0,0,0,0,2,0,0,0,0,20,10,45,0,126,0,0
86,2,2,2,False,2022-04-02T13:00:00Z,2,1,1,90,0,0,0,2,0,0,0,0,0,0,0,1,0,0,0,0,12,4,45,0,270,0,0
87,2,2,0,False,2022-04-02T13:00:00Z,2,1,1,0,0,0,0,0,0,0,0,0,0,0,0,0,0,0,0,0,0,0,40,0,74,0,0
88,2,2,0,False,2022-04-02T13:00:00Z,2,1,1,0,0,0,0,0,0,0,0,0,0,0,0,0,0,0,0,0,0,0,40,0,251,0,0
89,2,2,0,False,2022-04-02T13:00:00Z,2,1,1,0,0,0,0,0,0,0,0,0,0,0,0,0,0,0,0,0,0,0,55,0,0,0,0
90,2,2,0,False,2022-04-02T13:00:00Z,2,1,1,0,0,0,0,0,0,0,0,0,0,0,0,0,0,0,0,0,0,0,45,0,19,0,0
91,2,2,0,False,2022-04-02T13:00:00Z,2,1,1,0,0,0,0,0,0,0,0,0,0,0,0,0,0,0,0,0,0,0,50,0,26,0,0
92,2,2,0,False,2022-04-02T13:00:00Z,2,1,1,0,0,0,0,0,0,0,0,0,0,0,0,0,0,0,0,0,0,0,45,0,15,0,0
93,2,2,2,False,2022-04-02T13:00:00Z,2,1,1,77,0,0,0,1,0,0,0,0,0,0,0,0,0,0,0,0,7,5,50,0,280,0,0
94,2,2,2,False,2022-04-02T13:00:00Z,2,1,1,87,0,0,0,1,0,0,0,0,0,0,0,0,0,0,1,0,5,3,60,0,224,0,0
95,2,2,0,False,2022-04-02T13:00:00Z,2,1,1,0,0,0,0,0,0,0,0,0,0,0,0,0,0,0,0,0,0,0,45,0,21,0,0
96,2,2,1,False,2022-04-02T13:00:00Z,2,1,1,12,0,0,0,1,0,0,0,0,0,0,0,0,0,0,0,0,2,2,45,0,62,0,0
97,2,2,2,False,2022-04-02T13:00:00Z,2,1,1,90,0,0,0,2,0,0,0,0,0,0,0,0,0,0,1,0,6,6,60,0,2282,0,0
98,2,2,2,False,2022-04-02T13:00:00Z,2,1,1,90,0,0,0,2,0,0,0,0,0,0,0,0,0,0,0,0,4,2,70,0,3129,0,0
99,2,2,0,False,2022-04-02T13:00:00Z,2,1,1,0,0,0,0,0,0,0,0,0,0,0,0,0,0,0,0,0,0,0,55,0,96,0,0
100,2,2,0,False,2022-04-02T13:00:00Z,2,1,1,0,0,0,0,0,0,0,0,0,0,0,0,0,0,0,0,0,0,0,65,0,13,0,0
101,2,2,6,False,2022-04-02T13:00:00Z,2,1,1,2,1,0,0,1,0,0,0,0,0,0,0,0,0,0,0,0,0,0,45,0,462,0,0
102,2,2,0,False,2022-04-02T13:00:00Z,2,1,1,0,0,0,0,0,0,0,0,0,0,0,0,0,0,0,0,0,0,0,50,0,89,0,0
103,2,2,0,False,2022-04-02T13:00:00Z,2,1,1,0,0,0,0,0,0,0,0,0,0,0,0,0,0,0,0,0,0,0,45,0,221,0,0
104,2,2,0,False,2022-04-02T13:00:00Z,2,1,1,12,0,0,0,1,0,0,1,0,0,0,0,0,0,0,0,0,0,0,50,0,22,0,0
105,2,19,0,True,2022-04-02T13:00:00Z,2,1,1,0,0,0,0,0,0,0,0,0,0,0,0,0,0,0,0,0,0,0,45,0,381,0,0
106,2,19,0,True,2022-04-02T13:00:00Z,2,1,1,0,0,0,0,0,0,0,0,0,0,0,0,0,0,0,0,0,0,0,40,0,214,0,0
107,2,19,2,True,2022-04-02T13:00:00Z,2,1,1,90,0,0,0,1,0,0,0,0,2,0,0,0,0,0,0,0,5,3,50,0,1405,0,0
108,2,19,0,True,2022-04-02T13:00:00Z,2,1,1,0,0,0,0,0,0,0,0,0,0,0,0,0,0,0,0,0,0,0,45,0,422,0,0
109,2,19,1,True,2022-04-02T13:00:00Z,2,1,1,7,0,0,0,1,0,0,0,0,0,0,0,0,0,0,0,0,2,2,50,0,2396,0,0
110,2,19,1,True,2022-04-02T13:00:00Z,2,1,1,7,0,0,0,1,0,0,0,0,0,0,0,0,0,0,0,0,1,1,65,0,4829,0,0
111,2,19,1,True,2022-04-02T13:00:00Z,2,1,1,55,0,0,0,0,0,0,0,0,0,0,0,0,0,0,0,0,6,4,55,0,1627,0,0
112,2,19,3,True,2022-04-02T13:00:00Z,2,1,1,90,0,0,0,1,0,0,0,0,0,0,0,1,0,0,0,0,11,8,50,0,1506,0,0
113,2,19,7,True,2022-04-02T13:00:00Z,2,1,1,82,0,0,1,0,0,0,0,0,0,0,0,1,0,0,0,0,11,7,55,0,807,0,0
114,2,19,8,True,2022-04-02T13:00:00Z,2,1,1,90,0,1,0,1,0,0,1,0,0,0,2,2,0,4,5,1,19,9,65,0,10014,0,0
115,2,19,0,True,2022-04-02T13:00:00Z,2,1,1,0,0,0,0,0,0,0,0,0,0,0,0,0,0,0,0,0,0,0,50,0,36,0,0
116,2,19,1,True,2022-04-02T13:00:00Z,2,1,1,34,0,0,0,1,0,0,0,0,0,0,0,0,0,0,0,0,3,3,55,0,1186,0,0
117,2,19,0,True,2022-04-02T13:00:00Z,2,1,1,0,0,0,0,0,0,0,0,0,0,0,0,0,0,0,0,0,0,0,40,0,209,0,0
118,2,19,4,True,2022-04-02T13:00:00Z,2,1,1,70,0,0,1,0,0,0,0,0,0,0,0,1,0,0,1,0,8,5,55,0,251,0,0
119,2,19,3,True,2022-04-02T13:00:00Z,2,1,1,70,0,0,1,0,0,0,1,0,0,0,1,0,0,0,2,0,3,2,55,0,221,0,0
120,2,19,0,True,2022-04-02T13:00:00Z,2,1,1,0,0,0,0,0,0,0,0,0,0,0,0,0,0,0,0,0,0,0,65,0,40,0,0
121,2,19,5,True,2022-04-02T13:00:00Z,2,1,1,82,0,0,1,0,0,0,0,0,0,0,1,1,0,0,3,0,10,6,80,0,2135,0,0
122,2,19,7,True,2022-04-02T13:00:00Z,2,1,1,19,1,0,0,1,0,0,0,0,0,0,0,0,1,0,0,0,0,0,55,0,2360,0,0
123,2,19,0,True,2022-04-02T13:00:00Z,2,1,1,0,0,0,0,0,0,0,0,0,0,0,0,0,0,0,0,0,0,0,50,0,44,0,0
124,2,19,7,True,2022-04-02T13:00:00Z,2,1,1,90,1,0,0,1,0,0,0,0,0,0,0,0,0,0,1,0,4,4,100,0,9255,0,0
125,2,19,0,True,2022-04-02T13:00:00Z,2,1,1,0,0,0,0,0,0,0,0,0,0,0,0,0,0,0,0,0,0,0,45,0,409,0,0
126,2,19,2,True,2022-04-02T13:00:00Z,2,1,1,90,0,0,0,1,0,0,0,0,0,0,0,0,0,1,0,0,7,6,95,0,10703,0,0
127,2,19,3,True,2022-04-02T13:00:00Z,2,1,1,90,0,0,0,1,0,0,0,0,0,0,1,0,0,0,2,0,7,7,80,0,6140,0,0
128,2,19,1,True,2022-04-02T13:00:00Z,2,1,1,19,0,0,0,1,0,0,0,0,0,0,0,0,0,0,0,0,3,2,50,0,395,0,0
129,5,17,0,True,2022-04-03T13:00:00Z,2,1,1,0,0,0,0,0,0,0,0,0,0,0,0,0,0,0,0,0,0,0,40,0,7210,0,0
130,5,17,0,True,2022-04-03T13:00:00Z,2,1,1,0,0,0,0,0,0,0,0,0,0,0,0,0,0,0,0,0,0,0,50,0,653,0,0
131,5,17,2,True,2022-04-03T13:00:00Z,2,1,1,90,0,0,0,1,0,0,0,0,1,0,0,0,0,0,0,0,5,4,50,0,1248,0,0
132,5,17,3,True,2022-04-03T13:00:00Z,2,1,1,90,0,0,0,1,0,0,0,0,0,0,0,1,0,0,0,0,13,6,45,0,1625,0,0
133,5,17,0,True,2022-04-03T13:00:00Z,2,1,1,0,0,0,0,0,0,0,0,0,0,0,0,0,0,0,0,0,0,0,45,0,21,0,0
134,5,17,1,True,2022-04-03T13:00:00Z,2,1,1,24,0,0,0,0,0,0,0,0,0,0,0,0,0,0,0,0,1,0,40,0,2323,0,0
135,5,17,1,True,2022-04-03T13:00:00Z,2,1,1,6,0,0,0,0,0,0,0,0,0,0,0,0,0,0,0,0,1,1,45,0,122,0,0
136,5,17,0,True,2022-04-03T13:00:00Z,2,1,1,0,0,0,0,0,0,0,0,0,0,0,0,0,0,0,0,0,0,0,50,0,384,0,0
137,5,17,1,True,2022-04-03T13:00:00Z,2,1,1,6,0,0,0,0,0,0,0,0,0,0,0,0,0,0,0,0,1,1,45,0,651,0,0
138,5,17,1,True,2022-04-03T13:00:00Z,2,1,1,83,0,0,0,1,0,0,1,0,0,0,0,0,0,0,0,0,5,5,50,0,150,0,0
139,5,17,2,True,2022-04-03T13:00:00Z,2,1,1,90,0,0,0,1,0,0,0,0,0,0,0,0,0,0,1,0,5,5,65,0,3051,0,0
140,5,17,1,True,2022-04-03T13:00:00Z,2,1,1,64,0,0,0,1,0,0,1,0,0,0,0,0,0,1,1,0,4,1,50,0,194,0,0
141,5,17,0,True,2022-04-03T13:00:00Z,2,1,1,0,0,0,0,0,0,0,0,0,0,0,0,0,0,0,0,0,0,0,65,0,90,0,0
142,5,17,2,True,2022-04-03T13:00:00Z,2,1,1,83,0,0,0,1,0,0,0,0,0,0,0,0,0,0,0,0,3,2,55,0,2357,0,0
143,5,17,0,True,2022-04-03T13:00:00Z,2,1,1,0,0,0,0,0,0,0,0,0,0,0,0,0,0,0,0,0,0,0,45,0,62,0,0
144,5,17,7,True,2022-04-03T13:00:00Z,2,1,1,74,1,0,0,1,0,0,0,0,0,0,0,0,0,1,1,0,2,2,50,0,210,0,0
145,5,17,0,True,2022-04-03T13:00:00Z,2,1,1,0,0,0,0,0,0,0,0,0,0,0,0,0,0,0,0,0,0,0,60,0,101,0,0
146,5,17,8,True,2022-04-03T13:00:00Z,2,1,1,90,1,0,0,1,0,0,0,0,0,0,0,0,1,0,0,0,0,0,75,0,17875,0,0
147,5,17,0,True,2022-04-03T13:00:00Z,2,1,1,0,0,0,0,0,0,0,0,0,0,0,0,0,0,0,0,0,0,0,45,0,19,0,0
148,5,17,7,True,2022-04-03T13:00:00Z,2,1,1,90,0,1,0,1,0,0,1,0,0,0,2,1,0,0,5,1,8,6,60,0,1164,0,0
149,5,17,3,True,2022-04-03T13:00:00Z,2,1,1,65,0,0,0,1,0,0,0,0,0,0,0,1,0,0,0,0,9,3,45,0,751,0,0
150,5,17,5,True,2022-04-03T13:00:00Z,2,1,1,15,0,1,0,0,0,0,0,0,0,0,1,0,0,2,2,2,0,0,50,0,382,0,0
151,3,18,0,True,2022-04-03T13:00:00Z,2,1,1,0,0,0,0,0,0,0,0,0,0,0,0,0,0,0,0,0,0,0,40,0,1582,0,0
152,3,18,2,True,2022-04-03T13:00:00Z,2,1,1,90,0,0,0,1,0,0,0,0,2,0,0,0,0,0,0,0,8,8,50,0,2036,0,0
153,3,18,0,True,2022-04-03T13:00:00Z,2,1,1,0,0,0,0,0,0,0,0,0,0,0,0,0,0,0,0,0,0,0,45,0,74,0,0
154,3,18,3,True,2022-04-03T13:00:00Z,2,1,1,90,0,0,0,1,0,0,0,0,0,0,1,0,0,2,2,0,7,5,65,0,4407,0,0
155,3,18,1,True,2022-04-03T13:00:00Z,2,1,1,1,0,0,0,0,0,0,0,0,0,0,0,0,0,0,0,0,0,0,60,0,1225,0,0
156,3,18,3,True,2022-04-03T13:00:00Z,2,1,1,90,0,0,0,1,0,0,0,0,0,0,0,1,0,0,0,0,13,4,55,0,446,0,0
157,3,18,2,True,2022-04-03T13:00:00Z,2,1,1,90,0,0,0,1,0,0,0,0,0,0,0,0,0,0,0,0,5,3,55,0,1291,0,0
158,3,18,6,True,2022-04-03T13:00:00Z,2,1,1,90,0,1,0,1,0,0,0,0,0,0,0,1,0,0,1,1,12,9,55,0,4458,0,0
159,3,18,0,True,2022-04-03T13:00:00Z,2,1,1,0,0,0,0,0,0,0,0,0,0,0,0,0,0,0,0,0,0,0,50,0,64,0,0
160,3,18,1,True,2022-04-03T13:00:00Z,2,1,1,18,0,0,0,0,0,0,0,0,0,0,0,0,0,0,1,0,3,2,60,0,1437,0,0
161,3,18,2,True,2022-04-03T13:00:00Z,2,1,1,89,0,0,0,1,0,0,0,0,0,0,0,0,0,0,0,0,6,5,80,0,607,0,0
162,3,18,0,True,2022-04-03T13:00:00Z,2,1,1,0,0,0,0,0,0,0,0,0,0,0,0,0,0,0,0,0,0,0,50,0,109,0,0
163,3,18,1,True,2022-04-03T13:00:00Z,2,1,1,18,0,0,0,0,0,0,0,0,0,0,0,0,0,0,1,0,4,3,55,0,150,0,0
164,3,18,2,True,2022-04-03T13:00:00Z,2,1,1,90,0,0,0,1,0,0,1,0,0,0,0,1,0,1,0,0,8,7,85,0,4443,0,0
165,3,18,6,True,2022-04-03T13:00:00Z,2,1,1,71,1,0,0,1,0,0,1,0,0,0,0,0,0,0,0,0,5,3,60,0,919,0,0
166,3,18,0,True,2022-04-03T13:00:00Z,2,1,1,0,0,0,0,0,0,0,0,0,0,0,0,0,0,0,0,0,0,0,45,0,49,0,0
167,3,18,2,True,2022-04-03T13:00:00Z,2,1,1,90,0,0,0,1,0,0,1,0,0,0,0,1,0,0,0,0,10,5,50,0,455,0,0
168,3,18,0,True,2022-04-03T13:00:00Z,2,1,1,0,0,0,0,0,0,0,0,0,0,0,0,0,0,0,0,0,0,0,45,0,63,0,0
169,5,17,1,True,2022-04-03T13:00:00Z,2,1,1,25,0,0,0,0,0,0,0,0,0,0,0,0,0,0,1,0,3,3,60,0,467,0,0
170,3,18,0,True,2022-04-03T13:00:00Z,2,1,1,0,0,0,0,0,0,0,0,0,0,0,0,0,0,0,0,0,0,0,55,0,113,0,0
171,3,18,1,True,2022-04-03T13:00:00Z,2,1,1,71,0,0,0,1,0,0,1,0,0,0,0,0,0,0,0,0,3,3,60,0,2718,0,0
172,3,18,0,True,2022-04-03T13:00:00Z,2,1,1,0,0,0,0,0,0,0,0,0,0,0,0,0,0,0,0,0,0,0,45,0,183,0,0
173,3,18,11,True,2022-04-03T13:00:00Z,2,1,1,90,1,1,0,1,0,0,0,0,0,0,0,0,1,0,1,0,5,4,110,0,2833,0,0
174,3,18,0,True,2022-04-03T13:00:00Z,2,1,1,0,0,0,0,0,0,0,0,0,0,0,0,0,0,0,0,0,0,0,40,0,90,0,0
175,8,14,0,True,2022-04-04T17:00:00Z,0,2,1,0,0,0,0,0,0,0,0,0,0,0,0,0,0,0,0,0,0,0,45,0,454,0,0
176,8,14,1,True,2022-04-04T17:00:00Z,0,2,1,90,0,0,0,2,0,0,0,0,1,0,0,0,0,0,0,0,6,4,55,0,15283,0,0
177,8,14,0,True,2022-04-04T17:00:00Z,0,2,1,0,0,0,0,0,0,0,0,0,0,0,0,0,0,0,0,0,0,0,55,0,220,0,0
178,8,14,0,True,2022-04-04T17:00:00Z,0,2,1,0,0,0,0,0,0,0,0,0,0,0,0,0,0,0,0,0,0,0,40,0,217,0,0
179,8,14,2,True,2022-04-04T17:00:00Z,0,2,1,90,0,0,0,2,0,0,0,0,0,0,1,0,0,1,2,0,6,3,80,0,8792,0,0
180,8,14,2,True,2022-04-04T17:00:00Z,0,2,1,90,0,0,0,2,0,0,0,0,0,0,0,1,0,0,0,0,10,7,60,0,4303,0,0
181,8,14,0,True,2022-04-04T17:00:00Z,0,2,1,0,0,0,0,0,0,0,0,0,0,0,0,0,0,0,0,0,0,0,65,0,3752,0,0
182,8,14,2,True,2022-04-04T17:00:00Z,0,2,1,90,0,0,0,2,0,0,0,0,0,0,0,1,0,0,0,0,12,8,50,0,469,0,0
183,8,14,2,True,2022-04-04T17:00:00Z,0,2,1,67,0,0,0,2,0,0,0,0,0,0,0,1,0,0,0,0,13,5,55,0,481,0,0
184,8,14,0,True,2022-04-04T17:00:00Z,0,2,1,22,0,0,0,0,0,0,1,0,0,0,0,0,0,0,0,0,4,2,45,0,106,0,0
185,8,14,0,True,2022-04-04T17:00:00Z,0,2,1,0,0,0,0,0,0,0,0,0,0,0,0,0,0,0,0,0,0,0,45,0,139,0,0
186,8,14,1,True,2022-04-04T17:00:00Z,0,2,1,34,0,0,0,1,0,0,0,0,0,0,0,0,0,1,0,0,2,2,50,0,80,0,0
187,8,14,0,True,2022-04-04T17:00:00Z,0,2,1,0,0,0,0,0,0,0,0,0,0,0,0,0,0,0,0,0,0,0,45,0,57,0,0
188,8,14,3,True,2022-04-04T17:00:00Z,0,2,1,90,0,0,0,2,0,0,0,0,0,0,0,1,0,0,0,0,11,11,55,0,1384,0,0
189,8,14,0,True,2022-04-04T17:00:00Z,0,2,1,0,0,0,0,0,0,0,0,0,0,0,0,0,0,0,0,0,0,0,60,0,357,0,0
190,8,14,1,True,2022-04-04T17:00:00Z,0,2,1,22,0,0,0,0,0,0,0,0,0,0,0,0,0,0,1,0,4,4,75,0,886,0,0
191,8,14,2,True,2022-04-04T17:00:00Z,0,2,1,72,0,0,0,2,0,0,0,0,0,0,0,0,0,0,0,0,5,5,70,0,1598,0,0
192,8,14,3,True,2022-04-04T17:00:00Z,0,2,1,90,0,0,0,2,0,0,0,0,0,0,0,1,0,0,1,1,9,8,70,0,12424,0,0
193,8,14,0,True,2022-04-04T17:00:00Z,0,2,1,0,0,0,0,0,0,0,0,0,0,0,0,0,0,0,0,0,0,0,55,0,73,0,0
194,8,14,0,True,2022-04-04T17:00:00Z,0,2,1,0,0,0,0,0,0,0,0,0,0,0,0,0,0,0,0,0,0,0,45,0,12,0,0
195,8,14,2,True,2022-04-04T17:00:00Z,0,2,1,67,0,0,0,2,0,0,0,0,0,0,0,0,0,0,1,0,4,4,75,0,4041,0,0
196,8,14,0,True,2022-04-04T17:00:00Z,0,2,1,55,0,0,0,1,0,0,1,0,0,0,0,0,0,0,1,0,7,6,45,0,767,0,0
197,8,14,0,True,2022-04-04T17:00:00Z,0,2,1,0,0,0,0,0,0,0,0,0,0,0,0,0,0,0,0,0,0,0,45,0,63,0,0
198,8,14,0,True,2022-04-04T17:00:00Z,0,2,1,0,0,0,0,0,0,0,0,0,0,0,0,0,0,0,0,0,0,0,45,0,74,0,0
199,8,14,2,True,2022-04-04T17:00:00Z,0,2,1,90,0,0,0,2,0,0,1,0,0,0,1,0,0,0,3,0,4,4,80,0,4381,0,0
200,8,14,0,True,2022-04-04T17:00:00Z,0,2,1,0,0,0,0,0,0,0,0,0,0,0,0,0,0,0,0,0,0,0,60,0,84,0,0
201,8,14,1,True,2022-04-04T17:00:00Z,0,2,1,17,0,0,0,0,0,0,0,0,0,0,0,0,0,0,0,0,0,0,65,0,311,0,0
202,1,12,2,True,2022-04-02T15:30:00Z,4,2,1,90,0,0,0,2,0,0,0,0,4,0,0,0,0,0,0,0,12,9,55,0,1350,0,0
203,1,12,0,True,2022-04-02T15:30:00Z,4,2,1,0,0,0,0,0,0,0,0,0,0,0,0,0,0,0,0,0,0,0,40,0,504,0,0
204,1,12,0,True,2022-04-02T15:30:00Z,4,2,1,0,0,0,0,0,0,0,0,0,0,0,0,0,0,0,0,0,0,0,60,0,7949,0,0
205,1,12,0,True,2022-04-02T15:30:00Z,4,2,1,0,0,0,0,0,0,0,0,0,0,0,0,0,0,0,0,0,0,0,50,0,87,0,0
206,1,12,2,True,2022-04-02T15:30:00Z,4,2,1,90,0,0,0,2,0,0,0,0,0,0,0,1,0,1,1,0,11,6,55,0,122,0,0
207,1,12,0,True,2022-04-02T15:30:00Z,4,2,1,0,0,0,0,0,0,0,0,0,0,0,0,0,0,0,0,0,0,0,45,0,186,0,0
208,1,12,2,True,2022-04-02T15:30:00Z,4,2,1,90,0,0,0,2,0,0,0,0,0,0,0,1,0,0,1,0,10,2,50,0,479,0,0
209,1,12,2,True,2022-04-02T15:30:00Z,4,2,1,90,0,0,0,2,0,0,0,0,0,0,0,1,0,0,0,0,9,2,55,0,369,0,0
210,1,12,0,True,2022-04-02T15:30:00Z,4,2,1,0,0,0,0,0,0,0,0,0,0,0,0,0,0,0,0,0,0,0,60,0,793,0,0
211,1,12,0,True,2022-04-02T15:30:00Z,4,2,1,0,0,0,0,0,0,0,0,0,0,0,0,0,0,0,0,0,0,0,40,0,149,0,0
212,1,12,2,True,2022-04-02T15:30:00Z,4,2,1,90,0,0,0,2,0,0,0,0,0,0,0,1,0,0,0,0,10,3,45,0,29,0,0
213,1,12,11,True,2022-04-02T15:30:00Z,4,2,1,90,1,1,0,2,0,0,0,0,0,0,0,0,1,0,1,0,7,7,65,0,601,0,0
214,1,12,3,True,2022-04-02T15:30:00Z,4,2,1,90,0,0,0,2,0,0,0,0,0,0,0,1,0,0,1,0,9,6,55,0,1037,0,0
215,1,12,0,True,2022-04-02T15:30:00Z,4,2,1,0,0,0,0,0,0,0,0,0,0,0,0,0,0,0,0,0,0,0,55,0,21,0,0
216,1,12,1,True,2022-04-02T15:30:00Z,4,2,1,2,0,0,0,0,0,0,0,0,0,0,0,0,0,0,0,0,1,1,45,0,711,0,0
217,1,12,0,True,2022-04-02T15:30:00Z,4,2,1,0,0,0,0,0,0,0,0,0,0,0,0,0,0,0,0,0,0,0,50,0,213,0,0
218,1,12,0,True,2022-04-02T15:30:00Z,4,2,1,0,0,0,0,0,0,0,0,0,0,0,0,0,0,0,0,0,0,0,45,0,24,0,0
219,1,12,0,True,2022-04-02T15:30:00Z,4,2,1,0,0,0,0,0,0,0,0,0,0,0,0,0,0,0,0,0,0,0,75,0,5,0,0
220,1,12,3,True,2022-04-02T15:30:00Z,4,2,1,90,0,0,0,2,0,0,0,0,0,0,1,0,0,2,3,0,2,2,75,0,1679,0,0
221,1,12,0,True,2022-04-02T15:30:00Z,4,2,1,0,0,0,0,0,0,0,0,0,0,0,0,0,0,0,0,0,0,0,45,0,29,0,0
222,1,12,3,True,2022-04-02T15:30:00Z,4,2,1,88,0,0,0,2,0,0,0,0,0,0,0,1,0,0,0,0,11,7,55,0,105,0,0
223,1,12,0,True,2022-04-02T15:30:00Z,4,2,1,0,0,0,0,0,0,0,0,0,0,0,0,0,0,0,0,0,0,0,45,0,31,0,0
224,1,12,3,True,2022-04-02T15:30:00Z,4,2,1,71,0,0,0,1,0,0,0,0,0,0,1,0,0,2,3,0,2,2,70,0,1030,0,0
225,1,12,20,True,2022-04-02T15:30:00Z,4,2,1,74,3,1,0,1,0,0,1,0,0,0,1,0,0,0,3,1,2,1,90,0,1512,0,0
226,1,12,0,True,2022-04-02T15:30:00Z,4,2,1,0,0,0,0,0,0,0,0,0,0,0,0,0,0,0,0,0,0,0,55,0,77,0,0
227,1,12,0,True,2022-04-02T15:30:00Z,4,2,1,0,0,0,0,0,0,0,0,0,0,0,0,0,0,0,0,0,0,0,45,0,16,0,0
228,1,12,1,True,2022-04-02T15:30:00Z,4,2,1,15,0,0,0,1,0,0,0,0,0,0,0,0,0,0,1,0,0,0,55,0,78,0,0
229,7,16,0,True,2022-04-04T17:10:00Z,3,1,1,0,0,0,0,0,0,0,0,0,0,0,0,0,0,0,0,0,0,0,55,0,726,0,0
230,7,16,4,True,2022-04-04T17:10:00Z,3,1,1,90,0,0,0,1,0,0,0,0,6,0,0,0,0,0,0,0,10,8,55,0,2541,0,0
231,7,16,3,True,2022-04-04T17:10:00Z,3,1,1,90,0,0,0,1,0,0,0,0,0,0,0,1,0,0,0,0,10,3,70,0,6581,0,0
232,7,16,0,True,2022-04-04T17:10:00Z,3,1,1,0,0,0,0,0,0,0,0,0,0,0,0,0,0,0,0,0,0,0,40,0,45,0,0
233,7,16,0,True,2022-04-04T17:10:00Z,3,1,1,0,0,0,0,0,0,0,0,0,0,0,0,0,0,0,0,0,0,0,45,0,32,0,0
234,7,16,2,True,2022-04-04T17:10:00Z,3,1,1,90,0,0,0,1,0,0,1,0,0,0,0,1,0,0,1,0,8,7,65,0,13541,0,0
235,7,16,2,True,2022-04-04T17:10:00Z,3,1,1,69,0,0,0,1,0,0,0,0,0,0,0,0,0,1,1,1,3,3,70,0,3731,0,0
236,7,16,1,True,2022-04-04T17:10:00Z,3,1,1,20,0,0,0,0,0,0,0,0,0,0,0,0,0,0,0,0,3,1,60,0,3247,0,0
237,7,16,0,True,2022-04-04T17:10:00Z,3,1,1,0,0,0,0,0,0,0,0,0,0,0,0,0,0,0,0,0,0,0,40,0,92,0,0
238,7,16,0,True,2022-04-04T17:10:00Z,3,1,1,0,0,0,0,0,0,0,0,0,0,0,0,0,0,0,0,0,0,0,40,0,20,0,0
239,7,16,0,True,2022-04-04T17:10:00Z,3,1,1,0,0,0,0,0,0,0,0,0,0,0,0,0,0,0,0,0,0,0,50,0,39,0,0
240,7,16,6,True,2022-04-04T17:10:00Z,3,1,1,90,0,1,0,1,0,0,0,0,0,0,0,1,0,0,1,0,9,1,50,0,1037,0,0
241,7,16,1,True,2022-04-04T17:10:00Z,3,1,1,20,0,0,0,0,0,0,0,0,0,0,0,0,0,0,0,0,0,0,60,0,457,0,0
242,7,16,0,True,2022-04-04T17:10:00Z,3,1,1,0,0,0,0,0,0,0,0,0,0,0,0,0,0,0,0,0,0,0,60,0,58,0,0
243,7,16,1,True,2022-04-04T17:10:00Z,3,1,1,1,0,0,0,0,0,0,0,0,0,0,0,0,0,0,0,0,0,0,80,0,99,0,0
244,7,16,3,True,2022-04-04T17:10:00Z,3,1,1,90,0,0,0,1,0,0,0,0,0,0,0,1,0,0,0,0,8,3,55,0,1353,0,0
245,7,16,5,True,2022-04-04T17:10:00Z,3,1,1,90,0,1,0,1,0,0,0,0,0,0,0,0,0,0,0,0,7,2,65,0,2171,0,0
246,7,16,3,True,2022-04-04T17:10:00Z,3,1,1,77,0,0,0,1,0,0,0,0,0,0,1,0,0,3,2,0,6,3,110,0,6384,0,0
247,7,16,0,True,2022-04-04T17:10:00Z,3,1,1,0,0,0,0,0,0,0,0,0,0,0,0,0,0,0,0,0,0,0,55,0,204,0,0
248,7,16,2,True,2022-04-04T17:10:00Z,3,1,1,90,0,0,0,1,0,0,1,0,0,0,0,1,0,0,1,1,15,10,55,0,912,0,0
249,7,16,0,True,2022-04-04T17:10:00Z,3,1,1,0,0,0,0,0,0,0,0,0,0,0,0,0,0,0,0,0,0,0,65,0,22,0,0
250,7,16,0,True,2022-04-04T17:10:00Z,3,1,1,0,0,0,0,0,0,0,0,0,0,0,0,0,0,0,0,0,0,0,50,0,29,0,0
251,7,16,1,True,2022-04-04T17:10:00Z,3,1,1,12,0,0,0,0,0,0,0,0,0,0,0,0,0,0,0,0,2,2,60,0,612,0,0
252,7,16,14,True,2022-04-04T17:10:00Z,3,1,1,89,2,0,0,1,0,0,0,0,0,0,1,0,1,0,2,0,2,2,100,0,11215,0,0
253,7,16,0,True,2022-04-04T17:10:00Z,3,1,1,0,0,0,0,0,0,0,0,0,0,0,0,0,0,0,0,0,0,0,75,0,803,0,0
254,4,13,2,True,2022-04-03T15:30:00Z,0,1,1,90,0,0,0,1,0,0,0,0,0,0,0,0,0,0,0,0,4,4,55,0,4177,0,0
255,4,13,0,True,2022-04-03T15:30:00Z,0,1,1,0,0,0,0,0,0,0,0,0,0,0,0,0,0,0,0,0,0,0,40,0,223,0,0
256,4,13,0,True,2022-04-03T15:30:00Z,0,1,1,0,0,0,0,0,0,0,0,0,0,0,0,0,0,0,0,0,0,0,40,0,68,0,0
257,4,13,0,True,2022-04-03T15:30:00Z,0,1,1,0,0,0,0,0,0,0,0,0,0,0,0,0,0,0,0,0,0,0,45,0,96,0,0
258,4,13,4,True,2022-04-03T15:30:00Z,0,1,1,90,0,0,0,1,0,0,0,0,0,0,0,2,0,1,1,0,17,10,65,0,3015,0,0
259,4,13,0,True,2022-04-03T15:30:00Z,0,1,1,0,0,0,0,0,0,0,0,0,0,0,0,0,0,0,0,0,0,0,50,0,221,0,0
260,4,13,2,True,2022-04-03T15:30:00Z,0,1,1,69,0,0,0,1,0,0,0,0,0,0,0,0,0,0,1,0,4,3,55,0,800,0,0
261,4,13,0,True,2022-04-03T15:30:00Z,0,1,1,0,0,0,0,0,0,0,0,0,0,0,0,0,0,0,0,0,0,0,40,0,64,0,0
262,4,13,0,True,2022-04-03T15:30:00Z,0,1,1,0,0,0,0,0,0,0,0,0,0,0,0,0,0,0,0,0,0,0,55,0,61,0,0
263,4,13,3,True,2022-04-03T15:30:00Z,0,1,1,69,0,0,0,1,0,0,0,0,0,0,1,0,0,1,2,0,3,3,65,0,1097,0,0
264,4,13,1,True,2022-04-03T15:30:00Z,0,1,1,22,0,0,0,1,0,0,0,0,0,0,0,0,0,0,0,0,1,1,45,0,145,0,0
265,4,13,3,True,2022-04-03T15:30:00Z,0,1,1,90,0,0,0,1,0,0,0,0,0,0,0,1,0,1,0,0,11,7,60,0,6856,0,0
266,4,13,0,True,2022-04-03T15:30:00Z,0,1,1,0,0,0,0,0,0,0,0,0,0,0,0,0,0,0,0,0,0,0,40,0,348,0,0
267,4,13,0,True,2022-04-03T15:30:00Z,0,1,1,0,0,0,0,0,0,0,0,0,0,0,0,0,0,0,0,0,0,0,50,0,195,0,0
268,4,13,3,True,2022-04-03T15:30:00Z,0,1,1,90,0,0,0,1,0,0,0,0,0,0,1,0,0,0,2,0,4,4,55,0,402,0,0
269,4,13,0,True,2022-04-03T15:30:00Z,0,1,1,0,0,0,0,0,0,0,0,0,0,0,0,0,0,0,0,0,0,0,40,0,140,0,0
270,4,13,2,True,2022-04-03T15:30:00Z,0,1,1,90,0,0,0,1,0,0,0,0,0,0,0,0,0,1,0,0,7,6,55,0,8784,0,0
271,4,13,3,True,2022-04-03T15:30:00Z,0,1,1,90,0,0,0,1,0,0,0,0,0,0,1,0,0,4,3,0,6,4,90,0,1884,0,0
272,4,13,0,True,2022-04-03T15:30:00Z,0,1,1,0,0,0,0,0,0,0,0,0,0,0,0,0,0,0,0,0,0,0,50,0,176,0,0
273,4,13,1,True,2022-04-03T15:30:00Z,0,1,1,20,0,0,0,0,0,0,0,0,0,0,0,0,0,0,0,0,0,0,55,0,193,0,0
274,4,13,5,True,2022-04-03T15:30:00Z,0,1,1,90,0,0,0,1,0,0,0,0,0,0,2,1,0,2,4,0,10,9,65,0,1933,0,0
275,4,13,0,True,2022-04-03T15:30:00Z,0,1,1,0,0,0,0,0,0,0,0,0,0,0,0,0,0,0,0,0,0,0,45,0,84,0,0
276,4,13,0,True,2022-04-03T15:30:00Z,0,1,1,0,0,0,0,0,0,0,0,0,0,0,0,0,0,0,0,0,0,0,45,0,31,0,0
277,4,13,0,True,2022-04-03T15:30:00Z,0,1,1,0,0,0,0,0,0,0,0,0,0,0,0,0,0,0,0,0,0,0,45,0,19,0,0
278,4,13,1,True,2022-04-03T15:30:00Z,0,1,1,20,0,0,0,0,0,0,0,0,0,0,0,0,0,0,0,0,0,0,70,0,1066,0,0
279,4,13,2,True,2022-04-03T15:30:00Z,0,1,1,90,0,0,0,1,0,0,0,0,0,0,0,0,0,0,0,0,1,0,95,0,4397,0,0
280,4,13,1,True,2022-04-03T15:30:00Z,0,1,1,13,0,0,0,0,0,0,0,0,0,0,0,0,0,0,0,0,0,0,50,0,268,0,0
281,6,1,3,True,2022-04-03T15:30:00Z,0,1,1,90,0,0,0,1,0,0,0,0,3,0,0,0,0,0,0,0,18,17,50,0,1106,0,0
282,6,1,0,True,2022-04-03T15:30:00Z,0,1,1,0,0,0,0,0,0,0,0,0,0,0,0,0,0,0,0,0,0,0,40,0,563,0,0
283,6,1,1,True,2022-04-03T15:30:00Z,0,1,1,31,0,0,0,1,0,0,0,0,0,0,0,0,0,0,1,0,3,0,50,0,2100,0,0
284,6,1,2,True,2022-04-03T15:30:00Z,0,1,1,90,0,0,0,1,0,0,0,0,0,0,0,0,0,0,0,0,4,3,50,0,163,0,0
285,6,1,0,True,2022-04-03T15:30:00Z,0,1,1,0,0,0,0,0,0,0,0,0,0,0,0,0,0,0,0,0,0,0,45,0,218,0,0
286,6,1,4,True,2022-04-03T15:30:00Z,0,1,1,90,0,0,0,1,0,0,0,0,0,0,1,1,0,0,2,0,12,9,50,0,2429,0,0
287,6,1,0,True,2022-04-03T15:30:00Z,0,1,1,0,0,0,0,0,0,0,0,0,0,0,0,0,0,0,0,0,0,0,45,0,73,0,0
288,6,1,3,True,2022-04-03T15:30:00Z,0,1,1,90,0,0,0,1,0,0,0,0,0,0,0,1,0,0,0,0,10,3,50,0,587,0,0
289,6,1,0,True,2022-04-03T15:30:00Z,0,1,1,0,0,0,0,0,0,0,0,0,0,0,0,0,0,0,0,0,0,0,40,0,241,0,0
290,6,1,1,True,2022-04-03T15:30:00Z,0,1,1,7,0,0,0,0,0,0,0,0,0,0,0,0,0,0,0,0,1,1,55,0,155,0,0
291,6,1,2,True,2022-04-03T15:30:00Z,0,1,1,82,0,0,0,1,0,0,0,0,0,0,0,0,0,0,1,0,4,2,55,0,38,0,0
292,6,1,1,True,2022-04-03T15:30:00Z,0,1,1,1,0,0,0,0,0,0,0,0,0,0,0,0,0,0,0,0,0,0,50,0,195,0,0
293,6,1,0,True,2022-04-03T15:30:00Z,0,1,1,0,0,0,0,0,0,0,0,0,0,0,0,0,0,0,0,0,0,0,45,0,57,0,0
294,6,1,3,True,2022-04-03T15:30:00Z,0,1,1,90,0,0,0,1,0,0,0,0,0,0,0,1,0,0,0,0,8,8,50,0,1079,0,0
295,6,1,0,True,2022-04-03T15:30:00Z,0,1,1,0,0,0,0,0,0,0,0,0,0,0,0,0,0,0,0,0,0,0,45,0,8,0,0
296,6,1,3,True,2022-04-03T15:30:00Z,0,1,1,90,0,0,0,1,0,0,0,0,0,0,0,1,0,0,0,0,14,11,60,0,3682,0,0
297,6,1,1,True,2022-04-03T15:30:00Z,0,1,1,31,0,0,0,1,0,0,0,0,0,0,0,0,0,1,1,0,4,3,60,0,1730,0,0
298,6,1,2,True,2022-04-03T15:30:00Z,0,1,1,90,0,0,0,1,0,0,0,0,0,0,0,0,0,1,0,0,3,2,90,0,5543,0,0
299,6,1,0,True,2022-04-03T15:30:00Z,0,1,1,0,0,0,0,0,0,0,0,0,0,0,0,0,0,0,0,0,0,0,45,0,146,0,0
300,6,1,4,True,2022-04-03T15:30:00Z,0,1,1,90,0,0,0,1,0,0,0,0,0,0,1,1,0,1,2,0,10,8,55,0,1109,0,0
301,6,1,0,True,2022-04-03T15:30:00Z,0,1,1,0,0,0,0,0,0,0,0,0,0,0,0,0,0,0,0,0,0,0,45,0,95,0,0
302,6,1,1,True,2022-04-03T15:30:00Z,0,1,1,58,0,0,0,0,0,0,0,0,0,0,0,0,0,0,0,0,4,3,70,0,1973,0,0
303,6,1,0,True,2022-04-03T15:30:00Z,0,1,1,0,0,0,0,0,0,0,0,0,0,0,0,0,0,0,0,0,0,0,45,0,59,0,0
304,1,6,0,False,2022-04-02T15:30:00Z,4,2,1,0,0,0,0,0,0,0,0,0,0,0,0,0,0,0,0,0,0,0,45,0,905,0,0
305,1,6,1,False,2022-04-02T15:30:00Z,4,2,1,90,0,0,0,4,0,0,0,0,3,0,0,0,0,0,0,0,4,3,60,0,5005,0,0
306,1,6,1,False,2022-04-02T15:30:00Z,4,2,1,80,0,0,0,4,0,0,0,0,0,0,1,0,0,1,2,0,7,4,60,0,1966,0,0
307,1,6,1,False,2022-04-02T15:30:00Z,4,2,1,9,0,0,0,0,0,0,0,0,0,0,0,0,0,0,0,0,3,3,70,0,1987,0,0
308,1,6,0,False,2022-04-02T15:30:00Z,4,2,1,0,0,0,0,0,0,0,0,0,0,0,0,0,0,0,0,0,0,0,55,0,158,0,0
309,1,6,0,False,2022-04-02T15:30:00Z,4,2,1,45,0,0,0,2,0,0,0,0,0,0,0,0,0,0,0,0,6,5,80,0,7842,0,0
310,8,5,0,False,2022-04-04T17:00:00Z,0,2,1,0,0,0,0,0,0,0,0,0,0,0,0,0,0,0,0,0,0,0,55,0,134,0,0
311,1,6,4,False,2022-04-02T15:30:00Z,4,2,1,90,0,1,0,4,0,0,0,0,0,0,0,1,0,0,0,0,8,6,65,0,2128,0,0
312,1,6,0,False,2022-04-02T15:30:00Z,4,2,1,90,0,0,0,4,0,0,1,0,0,0,0,1,0,0,0,0,10,3,70,0,4346,0,0
313,1,6,0,False,2022-04-02T15:30:00Z,4,2,1,0,0,0,0,0,0,0,0,0,0,0,0,0,0,0,0,0,0,0,40,0,29,0,0
314,1,6,4,False,2022-04-02T15:30:00Z,4,2,1,90,0,0,0,4,0,0,0,0,0,0,1,1,0,3,3,0,12,6,95,0,2582,0,0
315,1,6,1,False,2022-04-02T15:30:00Z,4,2,1,27,0,0,0,0,0,0,0,0,0,0,0,0,0,0,0,0,2,2,45,0,117,0,0
316,1,6,0,False,2022-04-02T15:30:00Z,4,2,1,0,0,0,0,0,0,0,0,0,0,0,0,0,0,0,0,0,0,0,55,0,2394,0,0
317,1,6,1,False,2022-04-02T15:30:00Z,4,2,1,27,0,0,0,0,0,0,0,0,0,0,0,0,0,0,0,0,1,1,45,0,138,0,0
318,1,6,7,False,2022-04-02T15:30:00Z,4,2,1,90,1,0,0,4,0,0,0,0,0,0,0,0,0,0,0,0,3,1,90,0,5235,0,0
319,1,6,6,False,2022-04-02T15:30:00Z,4,2,1,90,1,0,0,4,0,0,1,0,0,0,0,0,0,0,0,0,7,4,50,0,358,0,0
320,1,6,0,False,2022-04-02T15:30:00Z,4,2,1,0,0,0,0,0,0,0,0,0,0,0,0,0,0,0,0,0,0,0,50,0,691,0,0
321,1,6,2,False,2022-04-02T15:30:00Z,4,2,1,62,0,0,0,4,0,0,0,0,0,0,0,0,0,0,1,0,2,2,75,0,356,0,0
322,1,6,2,False,2022-04-02T15:30:00Z,4,2,1,62,0,0,0,4,0,0,0,0,0,0,0,0,0,0,0,0,2,2,50,0,293,0,0
323,1,6,0,False,2022-04-02T15:30:00Z,4,2,1,0,0,0,0,0,0,0,0,0,0,0,0,0,0,0,0,0,0,0,55,0,80,0,0
324,1,6,3,False,2022-04-02T15:30:00Z,4,2,1,90,0,0,0,4,0,0,0,0,0,0,1,0,0,0,2,1,7,4,85,0,4614,0,0
325,4,9,7,False,2022-04-03T15:30:00Z,0,1,1,90,0,0,1,0,0,0,0,0,4,0,0,0,0,0,0,0,14,14,50,0,295,0,0
326,4,9,0,False,2022-04-03T15:30:00Z,0,1,1,0,0,0,0,0,0,0,0,0,0,0,0,0,0,0,0,0,0,0,40,0,2522,0,0
327,4,9,0,False,2022-04-03T15:30:00Z,0,1,1,0,0,0,0,0,0,0,0,0,0,0,0,0,0,0,0,0,0,0,40,0,184,0,0
328,4,9,0,False,2022-04-03T15:30:00Z,0,1,1,0,0,0,0,0,0,0,0,0,0,0,0,0,0,0,0,0,0,0,40,0,96,0,0
329,4,9,0,False,2022-04-03T15:30:00Z,0,1,1,0,0,0,0,0,0,0,0,0,0,0,0,0,0,0,0,0,0,0,40,0,41,0,0
330,4,9,10,False,2022-04-03T15:30:00Z,0,1,1,90,0,1,1,0,0,0,0,0,0,0,0,1,0,0,1,1,11,3,45,0,2750,0,0
331,4,9,1,False,2022-04-03T15:30:00Z,0,1,1,24,0,0,0,0,0,0,0,0,0,0,0,0,0,0,0,0,7,0,45,0,199,0,0
332,4,9,6,False,2022-04-03T15:30:00Z,0,1,1,90,0,0,1,0,0,0,1,0,0,0,0,1,0,0,0,0,11,4,50,0,5129,0,0
333,4,9,7,False,2022-04-03T15:30:00Z,0,1,1,80,0,0,1,0,0,0,0,0,0,0,0,1,0,1,1,0,8,3,45,0,242,0,0
334,4,9,5,False,2022-04-03T15:30:00Z,0,1,1,65,0,0,1,0,0,0,1,0,0,0,0,0,0,0,0,0,1,1,45,0,549,0,0
335,4,9,0,False,2022-04-03T15:30:00Z,0,1,1,0,0,0,0,0,0,0,0,0,0,0,0,0,0,0,0,0,0,0,40,0,7265,0,0
336,4,9,7,False,2022-04-03T15:30:00Z,0,1,1,90,0,0,1,0,0,0,0,0,0,0,0,1,0,0,0,0,12,6,50,0,1332,0,0
337,4,9,0,False,2022-04-03T15:30:00Z,0,1,1,0,0,0,0,0,0,0,0,0,0,0,0,0,0,0,0,0,0,0,40,0,59,0,0
338,4,9,1,False,2022-04-03T15:30:00Z,0,1,1,24,0,0,0,0,0,0,0,0,0,0,0,0,0,0,0,0,6,4,50,0,128,0,0
339,4,9,0,False,2022-04-03T15:30:00Z,0,1,1,0,0,0,0,0,0,0,0,0,0,0,0,0,0,0,0,0,0,0,45,0,27,0,0
340,4,9,8,False,2022-04-03T15:30:00Z,0,1,1,65,1,0,1,0,0,0,0,0,0,0,0,0,1,1,1,0,4,4,50,0,185,0,0
341,4,9,0,False,2022-04-03T15:30:00Z,0,1,1,0,0,0,0,0,0,0,0,0,0,0,0,0,0,0,0,0,0,0,45,0,65,0,0
342,4,9,0,False,2022-04-03T15:30:00Z,0,1,1,0,0,0,0,0,0,0,0,0,0,0,0,0,0,0,0,0,0,0,45,0,349,0,0
343,4,9,3,False,2022-04-03T15:30:00Z,0,1,1,65,0,0,1,0,0,0,0,0,0,0,0,0,0,1,0,0,5,3,45,0,827,0,0
344,4,9,1,False,2022-04-03T15:30:00Z,0,1,1,9,0,0,0,0,0,0,0,0,0,0,0,0,0,0,0,0,0,0,45,0,49,0,0
345,4,9,4,False,2022-04-03T15:30:00Z,0,1,1,90,0,0,1,0,0,0,0,0,0,0,0,1,0,0,0,0,13,4,45,0,1548,0,0
346,4,9,0,False,2022-04-03T15:30:00Z,0,1,1,24,0,0,0,0,0,0,1,0,0,0,0,0,0,0,0,0,2,1,65,0,4164,0,0
347,4,9,0,False,2022-04-03T15:30:00Z,0,1,1,0,0,0,0,0,0,0,0,0,0,0,0,0,0,0,0,0,0,0,45,0,39,0,0
348,4,9,3,False,2022-04-03T15:30:00Z,0,1,1,65,0,0,1,0,0,0,0,0,0,0,0,0,0,1,0,0,5,4,50,0,46,0,0
349,4,9,0,False,2022-04-03T15:30:00Z,0,1,1,24,0,0,0,0,0,0,1,0,0,0,0,0,0,0,0,0,2,1,45,0,183,0,0
350,4,9,0,False,2022-04-03T15:30:00Z,0,1,1,0,0,0,0,0,0,0,0,0,0,0,0,0,0,0,0,0,0,0,45,0,76,0,0
351,4,9,3,False,2022-04-03T15:30:00Z,0,1,1,90,0,0,1,0,0,0,0,0,0,0,0,1,0,0,1,0,8,4,55,0,1200,0,0
352,4,9,0,False,2022-04-03T15:30:00Z,0,1,1,0,0,0,0,0,0,0,0,0,0,0,0,0,0,0,0,0,0,0,50,0,748,0,0
353,4,9,0,False,2022-04-03T15:30:00Z,0,1,1,0,0,0,0,0,0,0,0,0,0,0,0,0,0,0,0,0,0,0,45,0,94,0,0
354,4,9,0,False,2022-04-03T15:30:00Z,0,1,1,0,0,0,0,0,0,0,0,0,0,0,0,0,0,0,0,0,0,0,50,0,31,0,0
355,4,9,0,False,2022-04-03T15:30:00Z,0,1,1,0,0,0,0,0,0,0,0,0,0,0,0,0,0,0,0,0,0,0,45,0,31,0,0
356,8,5,0,False,2022-04-04T17:00:00Z,0,2,1,0,0,0,0,0,0,0,0,0,0,0,0,0,0,0,0,0,0,0,40,0,407,0,0
357,8,5,7,False,2022-04-04T17:00:00Z,0,2,1,90,0,0,1,0,0,0,0,0,3,0,0,0,0,0,0,0,14,12,50,0,1639,0,0
358,8,5,12,False,2022-04-04T17:00:00Z,0,2,1,90,0,1,1,0,0,0,0,0,0,0,1,2,0,0,2,1,16,6,45,0,352,0,0
359,8,5,0,False,2022-04-04T17:00:00Z,0,2,1,0,0,0,0,0,0,0,0,0,0,0,0,0,0,0,0,0,0,0,40,0,185,0,0
360,8,5,1,False,2022-04-04T17:00:00Z,0,2,1,9,0,0,0,0,0,0,0,0,0,0,0,0,0,0,0,0,0,0,45,0,43,0,0
361,8,5,7,False,2022-04-04T17:00:00Z,0,2,1,90,0,0,1,0,0,0,0,0,0,0,0,1,0,0,0,0,13,7,45,0,1272,0,0
362,8,5,1,False,2022-04-04T17:00:00Z,0,2,1,9,0,0,0,0,0,0,0,0,0,0,0,0,0,0,0,0,3,2,45,0,40,0,0
363,8,5,7,False,2022-04-04T17:00:00Z,0,2,1,90,0,0,1,0,0,0,1,0,0,0,0,2,0,0,0,0,18,7,55,0,1049,0,0
364,8,5,0,False,2022-04-04T17:00:00Z,0,2,1,0,0,0,0,0,0,0,0,0,0,0,0,0,0,0,0,0,0,0,40,0,64,0,0
365,8,5,7,False,2022-04-04T17:00:00Z,0,2,1,90,0,0,1,0,0,0,0,0,0,0,0,1,0,0,1,0,9,3,55,0,775,0,0
366,8,5,7,False,2022-04-04T17:00:00Z,0,2,1,80,0,0,1,0,0,0,0,0,0,0,0,1,0,0,0,0,9,6,45,0,169,0,0
367,8,5,1,False,2022-04-04T17:00:00Z,0,2,1,1,0,0,0,0,0,0,0,0,0,0,0,0,0,0,0,0,0,0,50,0,55,0,0
368,8,5,0,False,2022-04-04T17:00:00Z,0,2,1,0,0,0,0,0,0,0,0,0,0,0,0,0,0,0,0,0,0,0,45,0,15,0,0
369,8,5,7,False,2022-04-04T17:00:00Z,0,2,1,73,1,0,1,0,0,0,1,0,0,0,0,0,0,2,1,0,1,1,55,0,280,0,0
370,8,5,3,False,2022-04-04T17:00:00Z,0,2,1,90,0,0,1,0,0,0,0,0,0,0,0,0,0,0,0,0,5,5,45,0,6236,0,0
371,8,5,5,False,2022-04-04T17:00:00Z,0,2,1,90,0,0,1,0,0,0,0,0,0,0,0,2,0,0,0,0,17,12,50,0,308,0,0
372,8,5,0,False,2022-04-04T17:00:00Z,0,2,1,0,0,0,0,0,0,0,0,0,0,0,0,0,0,0,0,0,0,0,45,0,474,0,0
373,8,5,0,False,2022-04-04T17:00:00Z,0,2,1,0,0,0,0,0,0,0,0,0,0,0,0,0,0,0,0,0,0,0,45,0,24,0,0
374,8,5,4,False,2022-04-04T17:00:00Z,0,2,1,80,0,0,1,0,0,0,0,0,0,0,0,1,0,0,0,0,10,7,45,0,140,0,0
375,8,5,0,False,2022-04-04T17:00:00Z,0,2,1,0,0,0,0,0,0,0,0,0,0,0,0,0,0,0,0,0,0,0,65,0,560,0,0
376,8,5,11,False,2022-04-04T17:00:00Z,0,2,1,90,1,1,1,0,0,0,0,0,0,0,0,0,1,1,1,1,6,6,50,0,6123,0,0
377,8,5,1,False,2022-04-04T17:00:00Z,0,2,1,1,0,0,0,0,0,0,0,0,0,0,0,0,0,0,0,0,1,1,45,0,2116,0,0
378,8,5,0,False,2022-04-04T17:00:00Z,0,2,1,0,0,0,0,0,0,0,0,0,0,0,0,0,0,0,0,0,0,0,50,0,111,0,0
379,8,5,0,False,2022-04-04T17:00:00Z,0,2,1,0,0,0,0,0,0,0,0,0,0,0,0,0,0,0,0,0,0,0,50,0,93,0,0
380,8,5,0,False,2022-04-04T17:00:00Z,0,2,1,0,0,0,0,0,0,0,0,0,0,0,0,0,0,0,0,0,0,0,55,0,45,0,0
381,7,7,0,False,2022-04-04T17:10:00Z,3,1,1,0,0,0,0,0,0,0,0,0,0,0,0,0,0,0,0,0,0,0,40,0,1616,0,0
382,7,7,2,False,2022-04-04T17:10:00Z,3,1,1,90,0,0,0,3,0,0,0,0,3,0,0,0,0,0,0,0,9,9,45,0,4043,0,0
383,7,7,1,False,2022-04-04T17:10:00Z,3,1,1,5,0,0,0,1,0,0,0,0,0,0,0,0,0,0,0,0,1,1,45,0,366,0,0
384,7,7,0,False,2022-04-04T17:10:00Z,3,1,1,0,0,0,0,0,0,0,0,0,0,0,0,0,0,0,0,0,0,0,40,0,125,0,0
385,7,7,2,False,2022-04-04T17:10:00Z,3,1,1,90,0,0,0,3,0,0,0,0,0,0,0,1,0,0,0,0,12,7,45,0,265,0,0
386,7,7,2,False,2022-04-04T17:10:00Z,3,1,1,84,0,0,0,2,0,0,0,0,0,0,0,1,0,0,0,0,13,7,45,0,463,0,0
387,7,7,0,False,2022-04-04T17:10:00Z,3,1,1,0,0,0,0,0,0,0,0,0,0,0,0,0,0,0,0,0,0,0,45,0,198,0,0
388,7,7,2,False,2022-04-04T17:10:00Z,3,1,1,90,0,0,0,3,0,0,0,0,0,0,0,1,0,0,0,0,13,5,50,0,666,0,0
389,7,7,3,False,2022-04-04T17:10:00Z,3,1,1,90,0,0,0,3,0,0,0,0,0,0,1,0,0,3,3,1,5,4,60,0,1105,0,0
390,7,7,0,False,2022-04-04T17:10:00Z,3,1,1,0,0,0,0,0,0,0,0,0,0,0,0,0,0,0,0,0,0,0,45,0,36,0,0
391,7,7,7,False,2022-04-04T17:10:00Z,3,1,1,29,1,0,0,1,0,0,0,0,0,0,1,0,0,0,2,0,0,0,55,0,980,0,0
392,7,7,3,False,2022-04-04T17:10:00Z,3,1,1,60,0,0,0,2,0,0,0,0,0,0,1,0,0,0,2,0,1,1,60,0,1882,0,0
393,7,7,6,False,2022-04-04T17:10:00Z,3,1,1,90,0,1,0,3,0,0,0,0,0,0,1,0,0,4,3,2,5,5,50,0,1507,0,0
394,7,7,2,False,2022-04-04T17:10:00Z,3,1,1,90,0,0,0,3,0,0,0,0,0,0,0,0,0,0,0,0,4,4,50,0,744,0,0
395,7,7,0,False,2022-04-04T17:10:00Z,3,1,1,0,0,0,0,0,0,0,0,0,0,0,0,0,0,0,0,0,0,0,45,0,34,0,0
396,7,7,0,False,2022-04-04T17:10:00Z,3,1,1,0,0,0,0,0,0,0,0,0,0,0,0,0,0,0,0,0,0,0,45,0,59,0,0
397,7,7,0,False,2022-04-04T17:10:00Z,3,1,1,0,0,0,0,0,0,0,0,0,0,0,0,0,0,0,0,0,0,0,50,0,21,0,0
398,7,7,0,False,2022-04-04T17:10:00Z,3,1,1,29,0,0,0,1,0,0,1,0,0,0,0,0,0,0,0,0,0,0,60,0,2174,0,0
399,7,7,2,False,2022-04-04T17:10:00Z,3,1,1,60,0,0,0,2,0,0,0,0,0,0,0,0,0,0,0,0,4,3,65,0,541,0,0
400,7,7,1,False,2022-04-04T17:10:00Z,3,1,1,5,0,0,0,1,0,0,0,0,0,0,0,0,0,0,0,0,0,0,45,0,312,0,0
401,7,7,0,False,2022-04-04T17:10:00Z,3,1,1,84,0,0,0,2,0,0,1,0,0,0,0,0,0,0,0,0,6,5,50,0,76,0,0
402,7,7,1,False,2022-04-04T17:10:00Z,3,1,1,90,0,0,0,3,0,0,1,0,0,0,0,0,0,0,0,0,6,4,45,0,33,0,0
403,1,6,3,False,2022-04-02T15:30:00Z,4,2,1,45,0,1,0,2,0,0,0,0,0,0,0,0,0,0,0,0,3,2,65,0,610,0,0
404,2,2,3,False,2022-04-02T13:00:00Z,2,1,1,90,0,0,0,2,0,0,0,0,0,0,0,1,0,0,0,0,12,9,45,0,548,0,0
405,6,10,7,False,2022-04-03T15:30:00Z,0,1,1,90,0,0,1,0,0,0,0,0,0,0,0,1,0,0,0,0,14,4,65,0,953,0,0
406,2,19,0,True,2022-04-02T13:00:00Z,2,1,1,0,0,0,0,0,0,0,0,0,0,0,0,0,0,0,0,0,0,0,50,0,86,0,0
407,3,18,0,True,2022-04-03T13:00:00Z,2,1,1,0,0,0,0,0,0,0,0,0,0,0,0,0,0,0,0,0,0,0,45,0,107,0,0
408,7,16,10,True,2022-04-04T17:10:00Z,3,1,1,69,1,0,0,1,0,0,0,0,0,0,2,1,0,0,4,0,11,7,120,0,1259,0,0
409,6,10,8,False,2022-04-03T15:30:00Z,0,1,1,90,1,0,1,0,0,0,0,0,0,0,0,0,1,0,1,0,5,4,105,0,7098,0,0
410,8,5,0,False,2022-04-04T17:00:00Z,0,2,1,16,0,0,0,0,0,0,1,0,0,0,0,0,0,0,0,0,1,1,65,0,453,0,0
411,3,4,0,False,2022-04-03T13:00:00Z,2,1,1,0,0,0,0,0,0,0,0,0,0,0,0,0,0,0,0,0,0,0,45,0,148,0,0
412,4,13,0,True,2022-04-03T15:30:00Z,0,1,1,0,0,0,0,0,0,0,0,0,0,0,0,0,0,0,0,0,0,0,40,0,91,0,0
413,4,13,1,True,2022-04-03T15:30:00Z,0,1,1,53,0,0,0,0,0,0,0,0,0,0,0,0,0,0,0,0,3,3,60,0,772,0,0
414,5,3,0,False,2022-04-03T13:00:00Z,2,1,1,0,0,0,0,0,0,0,0,0,0,0,0,0,0,0,0,0,0,0,50,0,57,0,0
415,5,17,0,True,2022-04-03T13:00:00Z,2,1,1,0,0,0,0,0,0,0,0,0,0,0,0,0,0,0,0,0,0,0,45,0,313,0,0
416,6,1,1,True,2022-04-03T15:30:00Z,0,1,1,58,0,0,0,0,0,0,0,0,0,0,0,0,0,0,0,0,7,4,50,0,126,0,0
417,1,12,1,True,2022-04-02T15:30:00Z,4,2,1,18,0,0,0,1,0,0,0,0,0,0,0,0,0,1,1,0,3,2,65,0,70,0,0
418,3,18,0,True,2022-04-03T13:00:00Z,2,1,1,0,0,0,0,0,0,0,0,0,0,0,0,0,0,0,0,0,0,0,40,0,23,0,0
419,6,1,0,True,2022-04-03T15:30:00Z,0,1,1,0,0,0,0,0,0,0,0,0,0,0,0,0,0,0,0,0,0,0,40,0,34,0,0
420,6,10,0,False,2022-04-03T15:30:00Z,0,1,1,0,0,0,0,0,0,0,0,0,0,0,0,0,0,0,0,0,0,0,40,0,43,0,0
421,4,9,0,False,2022-04-03T15:30:00Z,0,1,1,0,0,0,0,0,0,0,0,0,0,0,0,0,0,0,0,0,0,0,45,0,9,0,0
422,5,3,0,False,2022-04-03T13:00:00Z,2,1,1,0,0,0,0,0,0,0,0,0,0,0,0,0,0,0,0,0,0,0,50,0,41,0,0
423,2,19,0,True,2022-04-02T13:00:00Z,2,1,1,0,0,0,0,0,0,0,0,0,0,0,0,0,0,0,0,0,0,0,80,0,47,0,0
424,3,4,0,False,2022-04-03T13:00:00Z,2,1,1,0,0,0,0,0,0,0,0,0,0,0,0,0,0,0,0,0,0,0,45,0,38,0,0
425,5,17,3,True,2022-04-03T13:00:00Z,2,1,1,90,0,0,0,1,0,0,0,0,0,0,0,1,0,0,0,0,11,8,45,0,259,0,0
426,7,16,0,True,2022-04-04T17:10:00Z,3,1,1,0,0,0,0,0,0,0,0,0,0,0,0,0,0,0,0,0,0,0,50,0,15,0,0
427,1,6,0,False,2022-04-02T15:30:00Z,4,2,1,0,0,0,0,0,0,0,0,0,0,0,0,0,0,0,0,0,0,0,55,0,26,0,0
428,1,6,0,False,2022-04-02T15:30:00Z,4,2,1,0,0,0,0,0,0,0,0,0,0,0,0,0,0,0,0,0,0,0,40,0,18,0,0
429,2,2,2,False,2022-04-02T13:00:00Z,2,1,1,77,0,0,0,1,0,0,0,0,0,0,0,0,0,0,0,0,4,2,50,0,354,0,0
430,3,18,0,True,2022-04-03T13:00:00Z,2,1,1,0,0,0,0,0,0,0,0,0,0,0,0,0,0,0,0,0,0,0,40,0,0,0,0
